Workbook
Name AdvPayCount: Input!$B$5
Name AnnualIncome: Input!$B$4
Name LoanAmount: Input!$B$2
Name Occupation: Input!$B$3

Sheet Input
A1: Loan Application Input
A2: Loan Amount (PHP) | B2: 90000
A3: Occupation | B3: Teaching
A4: Annual Income (PHP) — leave blank if not declared | B4: 350000
A5: Advance Payments Count (0 for new applications) | B5: 0
A6: Yellow cells are inputs — change them to test scenarios.

Sheet OccupationMap
A1: Occupation | B1: Tier | C1: Stability Score
A2: Teaching | B2: Public_Sector_Institutional | C2: 4
A3: Retired Teacher | B3: Public_Sector_Institutional | C3: 4
A4: Government Employee | B4: Public_Sector_Institutional | C4: 4
A5: Adas Iii | B5: Public_Sector_Institutional | C5: 4
A6: Local Treasury Operations Offices Ii | B6: Public_Sector_Institutional | C6: 4
A7: Mpiw Employee | B7: Public_Sector_Institutional | C7: 4
A8: Admin Officer V | B8: Public_Sector_Institutional | C8: 4
A9: Adas Ii | B9: Public_Sector_Institutional | C9: 4
A10: Ada | B10: Public_Sector_Institutional | C10: 4
A11: Social Welfare Assistant | B11: Public_Sector_Institutional | C11: 4
A12: Senior Fire Inspector | B12: Public_Sector_Institutional | C12: 4
A13: Encoder | B13: Public_Sector_Institutional | C13: 4
... A33: Unknown | B33: Unclassified_High_Risk | C33: 2

Sheet Features
A1: Model Feature Engineering — exact same 5 features the Random Forest receives
A2: Normalized Occupation (helper) | B2: =IF(TRIM(Occupation)="","Unknown",IF(ISNUMBER(SEARCH("automative",Occupation)),"Automotive Technician",PROPER(TRIM(Occupation)))) -> Teaching | C2: Title Case + handles blank + the 'Automative' typo
A3: Feature 1: LoanAmount | B3: =LoanAmount -> 90000 | C3: Direct input. No transformation.
A4: Feature 2: Stability_Score | B4: =IFERROR(VLOOKUP(B2, OccupationMap!A:C, 3, FALSE), 2) -> 4 | C4: Lookup tier score; unknown occupation falls back to 2 (Unclassified_High_Risk).
A5: Feature 3: Advance_Payment_Count | B5: =AdvPayCount -> 0 | C5: Always 0 for new applications.
A6: Feature 4: Income_Is_Missing | B6: =IF(OR(AnnualIncome="", AnnualIncome=0), 1, 0) -> 0 | C6: Binary flag. Missingness itself is a learned signal.
A7: Feature 5: Repayment_Stress_Index | B7: =IF(B6=1, -999, (LoanAmount/12) / (AnnualIncome/12) * 100) -> 25.714286 | C7: Uses -999 sentinel when income is missing. DO NOT change this constant.
A9: These five cells (B3:B7) are exactly what the Python /api/risk/predict endpoint feeds to the trained Random Forest.

Sheet RiskHeuristic
A1: Rule-based Heuristic — explainable proxy, NOT the actual Random Forest
A2: This sheet helps you demonstrate the directional logic in Excel without running the Python model. Use the live UI for the real probability.
A4: Loan Size Risk (0–40) | B4: =MIN(40, Features!B3 / 5000) -> 18 | C4: Each PHP 5,000 of principal adds 1 point, capped at 40.
A5: Stability Risk (0–30) | B5: =(4 - Features!B4) * 7.5 -> 0 | C5: Tier 4 = 0 pts, Tier 1 = 22.5 pts. Public sector is safest.
A6: Income Missing Risk (0–20) | B6: =IF(Features!B6=1, 20, 0) -> 0 | C6: Missing income is itself a strong signal in the training data (~51% missing).
A7: Repayment Stress Risk (0–10) | B7: =IF(Features!B6=1, 5, MIN(10, Features!B7 / 30)) -> 0.85714286 | C7: 5 pts if income missing; otherwise scaled by stress index.
A9: Heuristic Risk Score (0–100) | B9: =B4+B5+B6+B7 -> 18.857143
A10: Heuristic Risk Class | B10: =IF(B9>=50,"High Risk","Performing") -> Performing
A11: Probability Proxy | B11: =B9/100 -> 0.18857143
A13: Caveat: the actual model is a Random Forest with ~100 decision trees. This heuristic captures the dominant directions but can disagree with the real model on edge cases. Always cite the API output as the official score.

Sheet Output
A1: TTMPC Risk Assessment — Simulation Output
A3: Loan Amount | B3: =LoanAmount -> 90000
A4: Occupation (raw) | B4: =Occupation -> Teaching
A5: Annual Income | B5: =IF(AnnualIncome="","(not declared)",AnnualIncome) -> 350000
A7: Stability Score | B7: =Features!B4 -> 4
A8: Income Missing Flag | B8: =Features!B6 -> 0
A9: Repayment Stress Index | B9: =Features!B7 -> 25.714286
A11: Heuristic Risk Class | B11: =RiskHeuristic!B10 -> Performing
A12: Heuristic Probability | B12: =RiskHeuristic!B11 -> 0.18857143
A14: Reminder: this Output sheet uses the rule-based heuristic. The production probability comes from the Random Forest via /api/risk/predict.
